{"cameraMode":{"drawMode":0,"name":"Shaded","section":"Shading Mode"},"sceneLighting":true,"audioPlay":false,"sceneViewState":{"showFog":true,"showMaterialUpdate":false,"showSkybox":true,"showFlares":true,"showImageEffects":true,"showParticleSystems":true},"in2DMode":false,"pivot":{"x":742.0113525390625,"y":176.17433166503907,"z":134.01315307617188},"rotation":{"x":0.08059147745370865,"y":-0.728207528591156,"z":0.08691839873790741,"w":0.6750413775444031},"size":-1.0416715145111085,"orthographic":false}