{"cameraMode":{"drawMode":0,"name":"Shaded","section":"Shading Mode"},"sceneLighting":false,"audioPlay":false,"sceneViewState":{"showFog":true,"showMaterialUpdate":false,"showSkybox":false,"showFlares":true,"showImageEffects":true,"showParticleSystems":true},"in2DMode":false,"pivot":{"x":-2.575693130493164,"y":0.40772342681884768,"z":4.861297130584717},"rotation":{"x":0.380204439163208,"y":-0.5091673731803894,"z":0.26721712946891787,"w":0.7244322896003723},"size":6.8785295486450199,"orthographic":false}