{"cameraMode":{"drawMode":0,"name":"Shaded","section":"Shading Mode"},"sceneLighting":false,"audioPlay":false,"sceneViewState":{"showFog":true,"showMaterialUpdate":false,"showSkybox":false,"showFlares":true,"showImageEffects":true,"showParticleSystems":true},"in2DMode":false,"pivot":{"x":-4.354930877685547,"y":8.479637145996094,"z":-4.855083465576172},"rotation":{"x":-0.38305866718292239,"y":-0.19905216991901399,"z":-0.08491658419370651,"w":0.8980246186256409},"size":6.578529357910156,"orthographic":false}