{"cameraMode":{"drawMode":0,"name":"Shaded","section":"Shading Mode"},"sceneLighting":false,"audioPlay":false,"sceneViewState":{"showFog":true,"showMaterialUpdate":false,"showSkybox":false,"showFlares":true,"showImageEffects":true,"showParticleSystems":true},"in2DMode":false,"pivot":{"x":0.0000019073486328125,"y":70.26729583740235,"z":-0.000003814697265625},"rotation":{"x":-0.10136599838733673,"y":-0.48855340480804446,"z":-0.057271480560302737,"w":0.864741861820221},"size":28.695724487304689,"orthographic":false}