{"cameraMode":{"drawMode":0,"name":"Shaded","section":"Shading Mode"},"sceneLighting":false,"audioPlay":false,"sceneViewState":{"showFog":true,"showMaterialUpdate":false,"showSkybox":false,"showFlares":true,"showImageEffects":true,"showParticleSystems":true},"in2DMode":false,"pivot":{"x":-0.012137889862060547,"y":0.000006198883056640625,"z":0.000015735626220703125},"rotation":{"x":0.13198226690292359,"y":0.2495843768119812,"z":-0.03436886519193649,"w":0.9587066173553467},"size":5.378528594970703,"orthographic":false}