{"cameraMode":{"drawMode":0,"name":"Shaded","section":"Shading Mode"},"sceneLighting":true,"audioPlay":false,"sceneViewState":{"showFog":true,"showMaterialUpdate":false,"showSkybox":true,"showFlares":true,"showImageEffects":true,"showParticleSystems":true},"in2DMode":false,"pivot":{"x":458.64453125,"y":-71.3039779663086,"z":-283.6446838378906},"rotation":{"x":0.0175553597509861,"y":-0.7331320643424988,"z":0.018916500732302667,"w":0.6796087026596069},"size":121.08220672607422,"orthographic":false}