{"cameraMode":{"drawMode":0,"name":"Shaded","section":"Shading Mode"},"sceneLighting":false,"audioPlay":false,"sceneViewState":{"showFog":true,"showMaterialUpdate":false,"showSkybox":false,"showFlares":true,"showImageEffects":true,"showParticleSystems":true},"in2DMode":false,"pivot":{"x":5.895008087158203,"y":26.100000381469728,"z":-154.42300415039063},"rotation":{"x":0.2410067468881607,"y":0.5487983822822571,"z":-0.16904793679714204,"w":0.7824079394340515},"size":158.5194854736328,"orthographic":false}