{"cameraMode":{"drawMode":0,"name":"Shaded","section":"Shading Mode"},"sceneLighting":false,"audioPlay":false,"sceneViewState":{"showFog":true,"showMaterialUpdate":false,"showSkybox":false,"showFlares":true,"showImageEffects":true,"showParticleSystems":true},"in2DMode":false,"pivot":{"x":0.013832667842507363,"y":-0.0009868890047073365,"z":-0.004868730902671814},"rotation":{"x":-0.009877151809632779,"y":0.9634206295013428,"z":-0.26540037989616396,"w":-0.03585492819547653},"size":0.13174116611480714,"orthographic":false}