{"cameraMode":{"drawMode":0,"name":"Shaded","section":"Shading Mode"},"sceneLighting":false,"audioPlay":false,"sceneViewState":{"showFog":true,"showMaterialUpdate":false,"showSkybox":false,"showFlares":true,"showImageEffects":true,"showParticleSystems":true},"in2DMode":false,"pivot":{"x":-0.005145447328686714,"y":0.011258095502853394,"z":0.0019988641142845155},"rotation":{"x":-0.009877151809632779,"y":0.9634206295013428,"z":-0.26540037989616396,"w":-0.03585492819547653},"size":0.1236564964056015,"orthographic":false}