{"cameraMode":{"drawMode":0,"name":"Shaded","section":"Shading Mode"},"sceneLighting":false,"audioPlay":false,"sceneViewState":{"showFog":true,"showMaterialUpdate":false,"showSkybox":false,"showFlares":true,"showImageEffects":true,"showParticleSystems":true},"in2DMode":false,"pivot":{"x":0.0000019073486328125,"y":71.70132446289063,"z":-0.000003814697265625},"rotation":{"x":0.09613495320081711,"y":0.02325647696852684,"z":-0.0022548125125467779,"w":0.9951013922691345},"size":33.34722137451172,"orthographic":false}