{"cameraMode":{"drawMode":0,"name":"Shaded","section":"Shading Mode"},"sceneLighting":true,"audioPlay":false,"sceneViewState":{"showFog":true,"showMaterialUpdate":false,"showSkybox":true,"showFlares":true,"showImageEffects":true,"showParticleSystems":true},"in2DMode":false,"pivot":{"x":-6.409080505371094,"y":35.36105728149414,"z":-27.284481048583986},"rotation":{"x":-0.007912907749414444,"y":-0.9567307233810425,"z":0.026134522631764413,"w":-0.2896985113620758},"size":28.848264694213868,"orthographic":false}