{"cameraMode":{"drawMode":0,"name":"Shaded","section":"Shading Mode"},"sceneLighting":false,"audioPlay":false,"sceneViewState":{"showFog":true,"showMaterialUpdate":false,"showSkybox":false,"showFlares":true,"showImageEffects":true,"showParticleSystems":true},"in2DMode":false,"pivot":{"x":-383.61492919921877,"y":-26.137493133544923,"z":479.2191467285156},"rotation":{"x":-0.22735445201396943,"y":0.7183995842933655,"z":-0.2731263041496277,"w":-0.5980105996131897},"size":6.951066970825195,"orthographic":false}