{"cameraMode":{"drawMode":0,"name":"Shaded","section":"Shading Mode"},"sceneLighting":false,"audioPlay":false,"sceneViewState":{"showFog":true,"showMaterialUpdate":false,"showSkybox":false,"showFlares":true,"showImageEffects":true,"showParticleSystems":true},"in2DMode":false,"pivot":{"x":0.00000762939453125,"y":69.49449157714844,"z":-0.00000762939453125},"rotation":{"x":0.09613495320081711,"y":0.02325647696852684,"z":-0.0022548125125467779,"w":0.9951013922691345},"size":47.35961151123047,"orthographic":false}