{"cameraMode":{"drawMode":0,"name":"Shaded","section":"Shading Mode"},"sceneLighting":false,"audioPlay":false,"sceneViewState":{"showFog":true,"showMaterialUpdate":false,"showSkybox":false,"showFlares":true,"showImageEffects":true,"showParticleSystems":true},"in2DMode":false,"pivot":{"x":-0.02245807647705078,"y":0.003947265446186066,"z":0.006858311593532562},"rotation":{"x":0.005285829305648804,"y":-0.5482403039932251,"z":0.0034464262425899507,"w":0.8363069295883179},"size":0.12174075841903687,"orthographic":false}