{"cameraMode":{"drawMode":0,"name":"Shaded","section":"Shading Mode"},"sceneLighting":false,"audioPlay":false,"sceneViewState":{"showFog":true,"showMaterialUpdate":false,"showSkybox":false,"showFlares":true,"showImageEffects":true,"showParticleSystems":true},"in2DMode":false,"pivot":{"x":8.440040588378907,"y":-6.643815994262695,"z":34.680625915527347},"rotation":{"x":-0.09772761911153794,"y":0.8804966807365418,"z":-0.20737899839878083,"w":-0.41493314504623415},"size":23.421340942382814,"orthographic":false}