{"cameraMode":{"drawMode":0,"name":"Shaded","section":"Shading Mode"},"sceneLighting":false,"audioPlay":false,"sceneViewState":{"showFog":true,"showMaterialUpdate":false,"showSkybox":false,"showFlares":true,"showImageEffects":true,"showParticleSystems":true},"in2DMode":false,"pivot":{"x":-0.012362003326416016,"y":0.000006198883056640625,"z":-0.000021219253540039063},"rotation":{"x":-0.10136599838733673,"y":-0.48855340480804446,"z":-0.057271480560302737,"w":0.864741861820221},"size":5.378528594970703,"orthographic":false}