{"cameraMode":{"drawMode":0,"name":"Shaded","section":"Shading Mode"},"sceneLighting":false,"audioPlay":false,"sceneViewState":{"showFog":true,"showMaterialUpdate":false,"showSkybox":false,"showFlares":true,"showImageEffects":true,"showParticleSystems":true},"in2DMode":false,"pivot":{"x":-0.0023207738995552065,"y":0.017446406185626985,"z":0.009794821962714196},"rotation":{"x":-0.11231551319360733,"y":0.8729479908943176,"z":-0.2390693724155426,"w":-0.41011330485343935},"size":0.39102527499198916,"orthographic":false}