{"cameraMode":{"drawMode":0,"name":"Shaded","section":"Shading Mode"},"sceneLighting":false,"audioPlay":false,"sceneViewState":{"showFog":true,"showMaterialUpdate":false,"showSkybox":false,"showFlares":true,"showImageEffects":true,"showParticleSystems":true},"in2DMode":false,"pivot":{"x":-0.02245807647705078,"y":0.003947265446186066,"z":0.006858311593532562},"rotation":{"x":-0.11231551319360733,"y":0.8729479908943176,"z":-0.2390693724155426,"w":-0.41011330485343935},"size":0.401744544506073,"orthographic":false}