{"cameraMode":{"drawMode":0,"name":"Shaded","section":"Shading Mode"},"sceneLighting":false,"audioPlay":false,"sceneViewState":{"showFog":true,"showMaterialUpdate":false,"showSkybox":false,"showFlares":true,"showImageEffects":true,"showParticleSystems":true},"in2DMode":false,"pivot":{"x":-0.16455836594104768,"y":0.19685299694538117,"z":-0.3833356499671936},"rotation":{"x":0.04314477741718292,"y":0.9548891186714172,"z":0.23671570420265199,"w":-0.174043208360672},"size":1.3347458839416505,"orthographic":false}