{"cameraMode":{"drawMode":0,"name":"Shaded","section":"Shading Mode"},"sceneLighting":true,"audioPlay":false,"sceneViewState":{"showFog":true,"showMaterialUpdate":false,"showSkybox":true,"showFlares":true,"showImageEffects":true,"showParticleSystems":true},"in2DMode":false,"pivot":{"x":-69.18548583984375,"y":-60.776920318603519,"z":-152.80117797851563},"rotation":{"x":0.035231154412031177,"y":-0.9557538628578186,"z":0.12835708260536195,"w":0.26233166456222536},"size":398.465576171875,"orthographic":false}