{"cameraMode":{"drawMode":0,"name":"Shaded","section":"Shading Mode"},"sceneLighting":true,"audioPlay":false,"sceneViewState":{"showFog":true,"showMaterialUpdate":false,"showSkybox":true,"showFlares":true,"showImageEffects":true,"showParticleSystems":true},"in2DMode":false,"pivot":{"x":-43.56651306152344,"y":11.111974716186524,"z":64.74999237060547},"rotation":{"x":0.031187884509563447,"y":0.8600567579269409,"z":-0.052960578352212909,"w":0.5064828991889954},"size":0.7118296027183533,"orthographic":false}