{"cameraMode":{"drawMode":0,"name":"Shaded","section":"Shading Mode"},"sceneLighting":false,"audioPlay":false,"sceneViewState":{"showFog":true,"showMaterialUpdate":false,"showSkybox":false,"showFlares":true,"showImageEffects":true,"showParticleSystems":true},"in2DMode":false,"pivot":{"x":0.0,"y":4.619998931884766,"z":1.8422651290893555},"rotation":{"x":0.003301682649180293,"y":-0.9928622245788574,"z":-0.02830362506210804,"w":-0.11581301689147949},"size":14.267152786254883,"orthographic":false}